{"lr": 0.009998886215193948, "data_time": 0.008852124214172363, "loss": 0.14443758378426233, "decode.loss_ce": 0.10211280360817909, "decode.acc_seg": 41.6961669921875, "aux.loss_ce": 0.042324778934319816, "aux.acc_seg": 32.4737548828125, "time": 0.6556034088134766, "memory": 6134, "step": 6}
{"lr": 0.00997794446709763, "data_time": 0.025359511375427246, "loss": 0.07111329771578312, "decode.loss_ce": 0.04900248199701309, "decode.acc_seg": 63.0706787109375, "aux.loss_ce": 0.02211081553250551, "aux.acc_seg": 61.7431640625, "time": 0.2679221868515015, "memory": 3962, "step": 100}
{"lr": 0.009955660594668054, "data_time": 0.008485555648803711, "loss": 0.055223213881254195, "decode.loss_ce": 0.03716924916952848, "decode.acc_seg": 77.3773193359375, "aux.loss_ce": 0.018053964618593453, "aux.acc_seg": 69.7418212890625, "time": 0.24891746044158936, "memory": 3962, "step": 200}
{"lr": 0.009933371122565919, "data_time": 0.008931422233581543, "loss": 0.048198238387703894, "decode.loss_ce": 0.03256740532815457, "decode.acc_seg": 59.1033935546875, "aux.loss_ce": 0.015630832873284817, "aux.acc_seg": 52.4810791015625, "time": 0.2506990909576416, "memory": 3962, "step": 300}
{"lr": 0.009911076035273796, "data_time": 0.015662360191345214, "loss": 0.0509245602414012, "decode.loss_ce": 0.034178886003792285, "decode.acc_seg": 89.8345947265625, "aux.loss_ce": 0.016745673306286336, "aux.acc_seg": 84.027099609375, "time": 0.25481276512145995, "memory": 3962, "step": 400}
{"aAcc": 83.02, "mIoU": 43.21, "mAcc": 50.28, "data_time": 0.09682186444600423, "time": 0.977255384127299, "step": 400}
{"lr": 0.0098887753171919, "data_time": 0.008872342109680176, "loss": 0.037384163588285446, "decode.loss_ce": 0.02562171667814255, "decode.acc_seg": 71.2554931640625, "aux.loss_ce": 0.011762446630746127, "aux.acc_seg": 71.026611328125, "time": 0.24657759666442872, "memory": 5116, "step": 500}
{"lr": 0.009866468952637547, "data_time": 0.008410167694091798, "loss": 0.05076143387705088, "decode.loss_ce": 0.035068716295063494, "decode.acc_seg": 78.0853271484375, "aux.loss_ce": 0.01569271688349545, "aux.acc_seg": 77.5115966796875, "time": 0.24827380180358888, "memory": 3962, "step": 600}
{"lr": 0.009844156925844432, "data_time": 0.007858705520629884, "loss": 0.04400017857551575, "decode.loss_ce": 0.030620624497532844, "decode.acc_seg": 91.302490234375, "aux.loss_ce": 0.013379553705453873, "aux.acc_seg": 92.340087890625, "time": 0.24661900997161865, "memory": 3962, "step": 700}
{"lr": 0.009821839220962003, "data_time": 0.00755605697631836, "loss": 0.033648835867643355, "decode.loss_ce": 0.023215448763221503, "decode.acc_seg": 88.250732421875, "aux.loss_ce": 0.01043338719755411, "aux.acc_seg": 86.944580078125, "time": 0.24781785011291504, "memory": 3962, "step": 800}
{"aAcc": 83.22, "mIoU": 38.29, "mAcc": 43.33, "data_time": 0.01953721046447754, "time": 0.33065622193472727, "step": 800}
{"lr": 0.009799515822054777, "data_time": 0.009843921661376953, "loss": 0.039770009182393554, "decode.loss_ce": 0.028196013160049917, "decode.acc_seg": 77.4383544921875, "aux.loss_ce": 0.011573995649814605, "aux.acc_seg": 76.37939453125, "time": 0.25079073905944826, "memory": 3962, "step": 900}
{"lr": 0.00977718671310168, "data_time": 0.007781314849853516, "loss": 0.044846834242343904, "decode.loss_ce": 0.0313124337233603, "decode.acc_seg": 91.3665771484375, "aux.loss_ce": 0.01353440061211586, "aux.acc_seg": 88.3270263671875, "time": 0.24706518650054932, "memory": 3962, "step": 1000}
{"lr": 0.009754851877995354, "data_time": 0.009746146202087403, "loss": 0.03347653839737177, "decode.loss_ce": 0.022944859322160484, "decode.acc_seg": 83.9202880859375, "aux.loss_ce": 0.010531678656116128, "aux.acc_seg": 81.6864013671875, "time": 0.24972004890441896, "memory": 3962, "step": 1100}
{"lr": 0.009732511300541468, "data_time": 0.009985828399658203, "loss": 0.03855858780443668, "decode.loss_ce": 0.026802484039217235, "decode.acc_seg": 74.713134765625, "aux.loss_ce": 0.011756102927029133, "aux.acc_seg": 73.8616943359375, "time": 0.2481550693511963, "memory": 3962, "step": 1200}
{"aAcc": 85.16, "mIoU": 46.67, "mAcc": 53.65, "data_time": 0.01808629717145647, "time": 0.18972482000078475, "step": 1200}
{"lr": 0.009710164964458045, "data_time": 0.0093369722366333, "loss": 0.04479422494769096, "decode.loss_ce": 0.031834466941654684, "decode.acc_seg": 87.322998046875, "aux.loss_ce": 0.012959758006036281, "aux.acc_seg": 86.71875, "time": 0.24911413192749024, "memory": 3962, "step": 1300}
{"lr": 0.009687812853374727, "data_time": 0.008477902412414551, "loss": 0.03981258869171143, "decode.loss_ce": 0.027955047972500324, "decode.acc_seg": 89.3707275390625, "aux.loss_ce": 0.011857541045174003, "aux.acc_seg": 89.495849609375, "time": 0.24792983531951904, "memory": 3962, "step": 1400}
{"lr": 0.009665454950832103, "data_time": 0.008423352241516113, "loss": 0.03517146408557892, "decode.loss_ce": 0.02445659777149558, "decode.acc_seg": 91.7999267578125, "aux.loss_ce": 0.010714865569025279, "aux.acc_seg": 89.7491455078125, "time": 0.24782474040985109, "memory": 3962, "step": 1500}
{"lr": 0.009643091240280942, "data_time": 0.008742547035217286, "loss": 0.03139572534710169, "decode.loss_ce": 0.021583405695855616, "decode.acc_seg": 89.324951171875, "aux.loss_ce": 0.009812319464981557, "aux.acc_seg": 89.1082763671875, "time": 0.24814348220825194, "memory": 3962, "step": 1600}
{"aAcc": 88.1, "mIoU": 52.16, "mAcc": 58.39, "data_time": 0.015139171055385045, "time": 0.1893164770943778, "step": 1600}
{"lr": 0.009620721705081534, "data_time": 0.00790092945098877, "loss": 0.03302517049014568, "decode.loss_ce": 0.02188543016090989, "decode.acc_seg": 89.4195556640625, "aux.loss_ce": 0.01113973967730999, "aux.acc_seg": 88.28125, "time": 0.24767322540283204, "memory": 3962, "step": 1700}
{"lr": 0.009598346328502901, "data_time": 0.0077335119247436525, "loss": 0.03751149643212557, "decode.loss_ce": 0.02684749700129032, "decode.acc_seg": 75.3997802734375, "aux.loss_ce": 0.010663998825475574, "aux.acc_seg": 75.6195068359375, "time": 0.24754757881164552, "memory": 3962, "step": 1800}
{"lr": 0.009575965093722064, "data_time": 0.009085464477539062, "loss": 0.033390403166413306, "decode.loss_ce": 0.023280362132936716, "decode.acc_seg": 80.548095703125, "aux.loss_ce": 0.01011004108004272, "aux.acc_seg": 76.9317626953125, "time": 0.24837381839752198, "memory": 3962, "step": 1900}
{"lr": 0.009553577983823325, "data_time": 0.0084028959274292, "loss": 0.03806730732321739, "decode.loss_ce": 0.026763348281383513, "decode.acc_seg": 94.1558837890625, "aux.loss_ce": 0.011303959088400007, "aux.acc_seg": 91.93115234375, "time": 0.24811227321624757, "memory": 3962, "step": 2000}
{"aAcc": 85.75, "mIoU": 46.8, "mAcc": 53.06, "data_time": 0.015645980834960938, "time": 0.18878115926470077, "step": 2000}
{"lr": 0.0095311849817975, "data_time": 0.008963441848754883, "loss": 0.03347857557237148, "decode.loss_ce": 0.023029492516070605, "decode.acc_seg": 74.71923828125, "aux.loss_ce": 0.010449082683771848, "aux.acc_seg": 68.756103515625, "time": 0.24767615795135497, "memory": 3962, "step": 2100}
{"lr": 0.009508786070541123, "data_time": 0.008284735679626464, "loss": 0.03606648631393909, "decode.loss_ce": 0.025611078180372716, "decode.acc_seg": 84.0972900390625, "aux.loss_ce": 0.010455407528206706, "aux.acc_seg": 83.3953857421875, "time": 0.2465287923812866, "memory": 3962, "step": 2200}
{"lr": 0.009486381232855704, "data_time": 0.010230541229248047, "loss": 0.026299221254885197, "decode.loss_ce": 0.01821189308539033, "decode.acc_seg": 88.7298583984375, "aux.loss_ce": 0.00808732807636261, "aux.acc_seg": 89.07470703125, "time": 0.2505530834197998, "memory": 3962, "step": 2300}
{"lr": 0.009463970451446941, "data_time": 0.008438014984130859, "loss": 0.03888942822813988, "decode.loss_ce": 0.027454096265137194, "decode.acc_seg": 68.3807373046875, "aux.loss_ce": 0.011435331497341394, "aux.acc_seg": 69.29931640625, "time": 0.24847960472106934, "memory": 3962, "step": 2400}
{"aAcc": 85.43,